Categoria,Produto / capacidade,Uso no Bussola,Fonte oficial,Tipo de fonte,Pode simular na hackathon?,Inputs mínimos,Output simulado,Elegibilidade / cuidado,Persona / readiness
Dados & contexto,Open Finance,"Ampliar visão de contas, cartões, empréstimos e financiamentos com consentimento",https://www.itau.com.br/open-finance,Site + Open Finance,Sim — simular conexão/consentimento,instituições; consentimento; escopo,cobertura de dados ampliada,Não fingir dado não consentido; respeitar escopo/finalidade,Todos
Dados & contexto,Controle de Gastos,"Categorizar gastos, definir controles e alertas por categoria",https://www.itau.com.br/controle-de-gastos,Site,Sim — mock de criação de controle,categoria; limite mensal,controle criado / alerta futuro,Não impor corte; cliente escolhe,Renata / Diego / Marcos
Metas & reserva,Cofrinhos,Criar meta/reserva e acompanhar objetivo,https://feito.itau.com.br/cofrinhos-itau-seu-dinheiro-a-servico-dos-seus-sonhos,Site/Feito Itaú,Sim — excelente para PoC,nome da meta; valor; prazo; aporte,meta criada; prazo/progresso,Não hardcodar rentabilidade se não consultada em fonte atual,Renata / Beatriz / Diego após saneamento
Investimentos,CDB / renda fixa,Alocar reserva/meta conforme prazo e liquidez,https://www.itau.com.br/investimentos/tipos-de-investimentos/cdb/,Site,Sim — somente comparativo educacional,valor; prazo; taxa vigente/mock,valor futuro estimado,Taxa deve vir de fonte atual; não recomendar sem perfil/adequação,Beatriz / ACUMULAR-OTIMIZAR
Investimentos,LCI / LCA,Alternativa de renda fixa para objetivo,https://www.itau.com.br/investimentos/tipos-de-investimentos/,Site,Sim — comparativo educacional,valor; prazo; taxa vigente/mock,valor líquido estimado,Liquidez/prazo/tributação precisam ser explicitados,Beatriz / OTIMIZAR
Crédito,Empréstimo pessoal,Comparar custo de crédito quando necessário,https://www.itau.com.br/emprestimos-financiamentos,Site + API pública de empréstimos PF,Sim — mock; não prometer aprovação,valor; prazo; taxa mock/atual,parcela; CET/total se disponível,Sujeito a análise; não usar como atalho para meta,Somente quando aderente
Crédito,Crédito Consignado CLT,Alternativa de crédito com desconto em salário,https://www.itau.com.br/emprestimos-financiamentos,Site + API pública,Sim — mock,valor; prazo; margem,parcela estimada,Depende de margem/elegibilidade,Perfis elegíveis
Crédito,Crédito com Garantia de Imóvel,Liquidez com imóvel em garantia,https://www.itau.com.br/emprestimos-financiamentos,Site,"Sim — cenário, não oferta",valor; imóvel; prazo,parcela/custo simulado,Garantia real; produto sensível; elegibilidade obrigatória,Casos específicos
Crédito,Crédito para Investidores,Liquidez preservando investimentos como garantia,https://www.itau.com.br/personnalite/emprestimos-financiamentos/credito-para-investidores,Site,Sim — cenário,valor; prazo; patrimônio elegível,parcela + garantia usada,Disponibilidade/elegibilidade no app,Beatriz / OTIMIZAR
Moradia,Crédito Imobiliário,Comparar caminho de compra com financiamento,https://www.itau.com.br/emprestimos-financiamentos/credito-imobiliario,Site,Sim — mock integrado ao goal planner,valor imóvel; entrada; prazo; renda,entrada/parcela/prazo estimados,Sem garantia de aprovação; condições atuais devem vir de simulador/fonte,Objetivo moradia
Moradia / bens,Consórcio de Imóveis,Alternativa quando há flexibilidade de prazo,https://www.itau.com.br/consorcios,Site,Sim — mock,carta; parcela desejada; prazo,cenário de carta/parcela,Não prometer contemplação; explicar sorteio/lance,Beatriz / perfis estáveis
Bens,Consórcio de Veículos,Planejar compra de veículo sem financiamento tradicional,https://www.itau.com.br/consorcios,Site,Sim — mock,valor do bem; parcela,carta/plano simulado,Não prometer contemplação,Objetivo carro
Dívida,Renegociação Itaú,Reorganizar dívida antes de acelerar objetivo,https://www.itau.com.br/renegociacao,Site,Sim — ótima ação simulada,dívidas; saldo; capacidade mensal,opções de acordo mock,Condições são personalizadas; não inventar desconto/taxa,Marcos / SANEAR
Dívida,Crédito Sob Medida,Agrupar contratos PF e ajustar parcelas/vencimento,https://www.itau.com.br/renegociacao/perguntas-frequentes/o-que-o-credito-sob-medida,Site,Sim — cenário,contratos elegíveis; parcela-alvo; vencimento,plano consolidado mock,Somente contratos atrelados à mesma conta; elegibilidade real,Marcos / Diego
Cartões,Simular Compra Futura,Avaliar transação futura e poder de compra,https://www.itau.com.br/cartoes,Site,Sim — referência funcional,valor compra; parcelamento,impacto/limite simulado,Não confundir limite com capacidade financeira sustentável,Renata / prevenção
Cartões,Limite Garantido,Converter valor reservado em limite de cartão,https://www.itau.com.br/cartoes/limites,Site,Sim — mock simples,valor reservado,limite adicional correspondente,Reserva fica vinculada; não usar como incentivo a endividamento,Beatriz / casos específicos
Cartões,Cartões PF / rotativo,Explicar custo do rotativo e comparar alternativas,https://api.itau/open-banking/opendata-creditcards/v1/personal-credit-cards,API pública Open Finance,Sim — usar dados públicos de produto como referência,saldo rotativo; taxa aplicável; prazo,custo estimado / alternativa,Taxas públicas não são oferta personalizada; exibir como referência,Diego / Marcos
Conta,Contas PF / tarifas,Contexto de conta e serviços,https://api.itau/open-banking/opendata-accounts/v1/personal-accounts,API pública Open Finance,Sim — consulta de catálogo,tipo conta; serviço,tarifa/condição pública,"Dados são institucionais, não personalizados",Todos
Catálogo público,Empréstimos PF,Dados abertos de produtos de empréstimo PF,https://api.itau/open-banking/opendata-loans/v1/personal-loans,API pública Open Finance,Sim — ingestão direta,tipo produto,termos/taxas públicas disponíveis,Não tratar taxa pública como taxa individual,Product Layer
Catálogo público,Financiamentos PF,Dados abertos de produtos de financiamento PF,https://api.itau/open-banking/opendata-financings/v1/personal-financings,API pública Open Finance,Sim — ingestão direta,tipo produto,termos/taxas públicas disponíveis,Nem todo produto retornado será relevante a varejo urbano,Product Layer